{"name": "root", "children": [{"name": "cryptography", "children": [{"name": "block_cipher", "children": [{"keywords": ["pseudo_random_number_generators", "cellular_automata", "random_number_generators", "random_numbers", "randomness", "random_number_generator", "pseudo_random_number_generator", "random_number_generation", "pseudorandom_number_generator", "pseudo_random_numbers"], "name": "pseudo_random_number_generators", "path": "cryptography/block_cipher/pseudo_random_number_generators", "taxonID": "3_1_31", "level": "3"}, {"keywords": ["side_channel_attacks", "attacks", "side_channel_analysis", "cryptographic_hardware", "differential_power_analysis", "side_channel_attack", "smart_cards", "cryptography", "fault_attacks", "tamper_resistant"], "name": "side_channel_attacks", "path": "cryptography/block_cipher/side_channel_attacks", "taxonID": "3_2_32", "level": "3"}, {"keywords": ["encrypt", "encryption", "keys", "encrypting", "encryption_key", "decryption", "decrypted", "plaintext", "encryption_keys", "enciphering"], "name": "encrypt", "path": "cryptography/block_cipher/encrypt", "taxonID": "3_3_33", "level": "3"}, {"keywords": ["rsa", "exponentiation", "elliptic_curve", "public_key_cryptosystems", "cryptosystems", "elliptic_curve_cryptography", "rsa_cryptosystem", "ecdsa", "ecc", "arithmetic"], "name": "rsa", "path": "cryptography/block_cipher/rsa", "taxonID": "3_4_34", "level": "3"}, {"keywords": ["block_cipher", "block_ciphers", "aes", "cipher", "ciphers", "stream_cipher", "differential_cryptanalysis", "advanced_encryption_standard_aes", "advanced_encryption_standard", "twofish"], "name": "block_cipher", "path": "cryptography/block_cipher/block_cipher", "taxonID": "3_5_35", "level": "3"}], "taxonID": "2_1_6", "level": "2", "keywords": ["block_cipher", "aes", "block_ciphers", "cipher", "stream_cipher", "ciphers", "stream_ciphers", "differential_cryptanalysis", "advanced_encryption_standard_aes", "encryption_algorithm"], "path": "cryptography/block_cipher"}, {"name": "oblivious_transfer", "children": [{"keywords": ["cryptographic_protocols", "security_protocols", "formal_analysis", "authentication_protocols", "security_properties", "cryptographic_protocol", "dolev_yao", "process_calculus", "bisimulation", "verification_of_cryptographic_protocols"], "name": "cryptographic_protocols", "path": "cryptography/oblivious_transfer/cryptographic_protocols", "taxonID": "3_6_36", "level": "3"}, {"keywords": ["quantum", "quantum_computing", "quantum_computation", "automata", "satisfiability", "quantum_mechanics", "bounded_error", "quantum_computers", "equivalence", "automaton"], "name": "quantum", "path": "cryptography/oblivious_transfer/quantum", "taxonID": "3_7_37", "level": "3"}, {"keywords": ["information_theoretically_secure", "invited_talk", "hiding", "bounded_storage_model", "secret_sharing", "steganography", "information_hiding", "secret_sharing_schemes", "bounds_on", "unconditionally_secure"], "name": "information_theoretically_secure", "path": "cryptography/oblivious_transfer/information_theoretically_secure", "taxonID": "3_8_38", "level": "3"}, {"keywords": ["secure_computation", "secure_two_party_computation", "oblivious_transfer", "multi_party_computation", "universally_composable", "secure_multi_party_computation", "multiparty_computation", "zero_knowledge", "secure_multiparty_computation", "two_party_computation"], "name": "secure_computation", "path": "cryptography/oblivious_transfer/secure_computation", "taxonID": "3_9_39", "level": "3"}, {"keywords": ["hardness_of_factoring", "pseudorandom_generators", "number_theoretic", "linear_algebra", "pseudorandomness", "constructions", "pseudo_random_generators", "trapdoor_functions", "reed_solomon_codes", "prg"], "name": "hardness_of_factoring", "path": "cryptography/oblivious_transfer/hardness_of_factoring", "taxonID": "3_10_40", "level": "3"}], "taxonID": "2_2_7", "level": "2", "keywords": ["oblivious_transfer", "quantum", "secure_two_party_computation", "constructions", "secret_key_agreement", "communication_complexity", "coin_flipping", "two_party_computation", "secure_computation", "linear_algebra"], "path": "cryptography/oblivious_transfer"}, {"name": "random_oracle_model", "children": [{"keywords": ["identity_based", "id", "certificateless", "key_escrow", "ibe", "identity_based_encryption", "identity_based_cryptography", "key_generation", "revocable", "escrow"], "name": "identity_based", "path": "cryptography/random_oracle_model/identity_based", "taxonID": "3_11_41", "level": "3"}, {"keywords": ["convertible_undeniable", "signature_schemes", "signature_scheme", "proxy_signatures", "group_signatures", "designated_verifier_signatures", "blind_signatures", "anonymous", "proxy_signature", "e_voting"], "name": "convertible_undeniable", "path": "cryptography/random_oracle_model/convertible_undeniable", "taxonID": "3_12_42", "level": "3"}, {"keywords": ["random_oracle_model", "random_oracle", "provable_security", "ind_cca", "rsa_assumption", "encryption_scheme", "random_oracles", "oaep", "encryption_schemes", "ddh_assumption"], "name": "random_oracle_model", "path": "cryptography/random_oracle_model/random_oracle_model", "taxonID": "3_13_43", "level": "3"}, {"keywords": ["password_based", "authenticated_key_exchange", "key_exchange_protocols", "authentication_and_key_exchange", "password_authenticated_key_exchange", "dictionary_attacks", "key_exchange", "key_agreement_protocol", "group_key_exchange", "password_based_authentication"], "name": "password_based", "path": "cryptography/random_oracle_model/password_based", "taxonID": "3_14_44", "level": "3"}, {"keywords": ["discrete_logarithm", "discrete_logarithms", "discrete_logarithm_problem", "elliptic_curves", "integer_factorization", "homomorphic", "public_key_cryptosystem", "elgamal", "diffie_hellman", "rabin"], "name": "discrete_logarithm", "path": "cryptography/random_oracle_model/discrete_logarithm", "taxonID": "3_15_45", "level": "3"}], "taxonID": "2_3_8", "level": "2", "keywords": ["random_oracle_model", "signature_scheme", "signature_schemes", "identity_based", "random_oracle", "random_oracles", "computational_diffie_hellman_assumption", "computational_diffie_hellman_problem", "diffie_hellman_problem", "provably_secure"], "path": "cryptography/random_oracle_model"}, {"name": "ad_hoc_networks", "children": [{"keywords": ["intrusion_detection", "intrusion_detection_system", "network_security", "network_intrusion_detection_system", "distributed_intrusion_detection", "network_traffic", "security_issues", "worm_propagation", "communication_systems", "infection"], "name": "intrusion_detection", "path": "cryptography/ad_hoc_networks/intrusion_detection", "taxonID": "3_16_46", "level": "3"}, {"keywords": ["routers", "router", "switches", "gateways", "end_hosts", "gateway", "packets", "hosts", "host", "lan"], "name": "routers", "path": "cryptography/ad_hoc_networks/routers", "taxonID": "3_17_47", "level": "3"}, {"keywords": ["ad_hoc_networks", "wireless_networks", "mobile_ad_hoc_networks", "manets", "mobile_ad_hoc_network", "manet", "ad_hoc_network", "vehicular_networks", "mobile_networks", "multi_hop"], "name": "ad_hoc_networks", "path": "cryptography/ad_hoc_networks/ad_hoc_networks", "taxonID": "3_18_48", "level": "3"}, {"keywords": ["peer_to_peer_networks", "overlay_networks", "peer_to_peer_p_p_networks", "overlay", "overlay_network", "reputation", "epidemic", "data_dissemination", "dhts", "gossip"], "name": "peer_to_peer_networks", "path": "cryptography/ad_hoc_networks/peer_to_peer_networks", "taxonID": "3_19_49", "level": "3"}, {"keywords": ["key_management", "key_management_scheme", "key_establishment", "group_key_management", "key_management_schemes", "authentication_scheme", "pki", "secure_multicast", "secure_communications", "secure_group_communication"], "name": "key_management", "path": "cryptography/ad_hoc_networks/key_management", "taxonID": "3_20_50", "level": "3"}], "taxonID": "2_4_9", "level": "2", "keywords": ["ad_hoc_networks", "mobile_ad_hoc_networks", "manets", "manet", "ad_hoc_network", "routing", "wireless_sensor_networks", "wireless_ad_hoc_network", "mobile_nodes", "mobile_ad_hoc_network"], "path": "cryptography/ad_hoc_networks"}, {"name": "privacy_protection", "children": [{"keywords": ["authentication_and_access_control", "user_authentication", "public_key_infrastructure", "trust_management", "biometric_authentication", "authentication_and_authorization", "authenticating", "credential", "wallet", "keystroke_dynamics"], "name": "authentication_and_access_control", "path": "cryptography/privacy_protection/authentication_and_access_control", "taxonID": "3_21_51", "level": "3"}, {"keywords": ["anonymization", "k_anonymity", "anonymized", "microdata", "releasing", "privacy_preservation", "sanitization", "microaggregation", "cloaking", "differential_privacy"], "name": "anonymization", "path": "cryptography/privacy_protection/anonymization", "taxonID": "3_22_52", "level": "3"}, {"keywords": ["sensitive_information", "confidential_information", "confidential_data", "personal_data", "confidential", "private_information", "unauthorised", "credit_card_numbers", "untrusted", "information_leakage"], "name": "sensitive_information", "path": "cryptography/privacy_protection/sensitive_information", "taxonID": "3_23_53", "level": "3"}, {"keywords": ["access_control", "authorization", "access_control_policies", "role_based_access_control", "based_access_control", "enforcement", "access_control_models", "based_access_control_model", "information_flow_control", "fine_grained_access_control"], "name": "access_control", "path": "cryptography/privacy_protection/access_control", "taxonID": "3_24_54", "level": "3"}, {"keywords": ["privacy", "security_and_privacy", "privacy_and_security", "location_privacy", "user_privacy", "privacy_concerns", "anonymity", "privacy_aware", "online_social_networks"], "name": "privacy", "path": "cryptography/privacy_protection/privacy", "taxonID": "3_25_55", "level": "3"}], "taxonID": "2_5_10", "level": "2", "keywords": ["privacy_protection", "personal_information", "privacy_concerns", "k_anonymity", "privacy_and_security", "security_and_privacy", "personal_data", "disclosure", "location_privacy"], "path": "cryptography/privacy_protection"}], "taxonID": "1_1_1", "level": "1", "keywords": ["cryptography", "cryptographic", "encryption", "public_key", "crypto", "cryptographic_primitives", "cryptosystems", "rsa", "cryptographic_algorithms"], "path": "cryptography"}, {"name": "intelligent_agents", "children": [{"name": "planning_system", "children": [{"keywords": ["pomdps", "pomdp", "partially_observable_markov_decision_processes", "dec_pomdps", "partially_observable_markov_decision_processes_pomdps", "decentralized_pomdps", "infinite_horizon", "finite_horizon", "partially_observable", "rewards"], "name": "pomdps", "path": "intelligent_agents/planning_system/pomdps", "taxonID": "3_26_56", "level": "3"}, {"keywords": ["planner", "plan", "planners", "plans", "schedule", "planning_problems", "shop", "grasp", "continual", "conformant"], "name": "planner", "path": "intelligent_agents/planning_system/planner", "taxonID": "3_27_57", "level": "3"}, {"keywords": ["belief_desire_intention", "bdi", "bdi_agent", "normative", "agentspeak", "mental_states", "argumentation", "goal_oriented", "belief_desire_intention_bdi"], "name": "bdi", "path": "intelligent_agents/planning_system/bdi", "taxonID": "3_28_58", "level": "3"}, {"keywords": ["reasoning", "knowledge_representation", "reasoning_with", "based_reasoning", "fuzzy_set_theory", "automated_reasoning", "knowledge_representation_and_reasoning", "approximate_reasoning", "rule_based_systems", "problem_solving"], "name": "reasoning", "path": "intelligent_agents/planning_system/reasoning", "taxonID": "3_29_59", "level": "3"}, {"keywords": ["logic_programming", "epistemic", "modal_logic", "temporal_logic", "belief_revision", "deductive", "axiomatic", "belief_change", "situation_calculus", "nonmonotonic"], "name": "logic_programming", "path": "intelligent_agents/planning_system/logic_programming", "taxonID": "3_30_60", "level": "3"}], "taxonID": "2_6_11", "level": "2", "keywords": ["planning_system", "situation_calculus", "plan_recognition", "non_deterministic", "decision_theory", "temporal_logic", "reasoning_about", "under_uncertainty", "pomdp", "influence_diagrams"], "path": "intelligent_agents/planning_system"}, {"name": "decision_support_systems", "children": [{"keywords": ["requirements_engineering", "software_engineering", "requirements_elicitation", "software_process", "development_processes", "process_improvement", "methods_and_tools", "design_process", "conceptual_modeling", "project_management"], "name": "requirements_engineering", "path": "intelligent_agents/decision_support_systems/requirements_engineering", "taxonID": "3_31_61", "level": "3"}, {"keywords": ["online_analytical_processing", "olap", "data_warehousing", "data_warehouse", "query_optimization", "spatial_data", "data_management", "data_integration", "database_systems"], "name": "online_analytical_processing", "path": "intelligent_agents/decision_support_systems/online_analytical_processing", "taxonID": "3_32_62", "level": "3"}, {"keywords": ["business_intelligence", "enterprise", "businesses", "business_process_management", "corporate", "e_government", "sourcing", "bpm", "organizations"], "name": "business_intelligence", "path": "intelligent_agents/decision_support_systems/business_intelligence", "taxonID": "3_33_63", "level": "3"}, {"keywords": ["development_managment", "st_century", "ai", "research_and_development", "recent_developments", "trends", "philosophy", "research_activities", "informatics", "artificial_intelligence"], "name": "development_managment", "path": "intelligent_agents/decision_support_systems/development_managment", "taxonID": "3_34_64", "level": "3"}, {"keywords": ["intelligent_decision_support_systems", "case_based_reasoning", "knowledge_acquisition", "knowledge_based", "knowledge_based_systems", "expert_systems", "decision_support_system", "knowledge_based_system", "decision_support_systems", "cbr"], "name": "intelligent_decision_support_systems", "path": "intelligent_agents/decision_support_systems/intelligent_decision_support_systems", "taxonID": "3_35_65", "level": "3"}], "taxonID": "2_7_12", "level": "2", "keywords": ["decision_support_systems", "dss", "data_warehouses", "data_warehousing", "data_warehouse", "decision_support", "information_systems", "business_intelligence", "expert_systems", "olap"], "path": "intelligent_agents/decision_support_systems"}, {"name": "intelligent_transportation", "children": [{"keywords": ["swarm_intelligence", "swarm", "cooperative", "task_allocation", "coordinated", "autonomous_robots", "multi_robot", "flocking", "soccer"], "name": "swarm_intelligence", "path": "intelligent_agents/intelligent_transportation/swarm_intelligence", "taxonID": "3_36_66", "level": "3"}, {"keywords": ["vehicle_routing", "scheduling_problem", "scheduling", "multi_objective", "scheduling_problems", "resource_scheduling", "multi_period", "fleet", "transportation", "metaheuristics"], "name": "vehicle_routing", "path": "intelligent_agents/intelligent_transportation/vehicle_routing", "taxonID": "3_37_67", "level": "3"}, {"keywords": ["manufacturing_system", "production", "manufacturing_systems", "manufacturing", "factory", "production_systems", "assembly", "production_planning", "discrete_event_simulation", "production_scheduling"], "name": "manufacturing_system", "path": "intelligent_agents/intelligent_transportation/manufacturing_system", "taxonID": "3_38_68", "level": "3"}, {"keywords": ["path_planning", "motion_planning", "navigation", "trajectory_planning", "trajectory_generation", "potential_field", "ant", "mobile_robotics", "robot_motion", "path_planner"], "name": "path_planning", "path": "intelligent_agents/intelligent_transportation/path_planning", "taxonID": "3_39_69", "level": "3"}, {"keywords": ["emergency_response", "emergency", "disaster_management", "crisis_management", "disaster_response", "military", "evacuation", "rescue", "disaster_recovery", "battlefield"], "name": "emergency_response", "path": "intelligent_agents/intelligent_transportation/emergency_response", "taxonID": "3_40_70", "level": "3"}], "taxonID": "2_8_13", "level": "2", "keywords": ["air_traffic_control", "aircraft", "transportation", "logistics", "fleet", "urban", "container_terminal", "airspace", "routing_and_scheduling", "railway"], "path": "intelligent_agents/intelligent_transportation"}, {"name": "service_oriented_system", "children": [{"keywords": ["heterogeneous_environments", "distributed_applications", "distributed_environment", "heterogeneous_networks", "heterogenous", "middleware", "multi_domain", "distributed_heterogeneous", "self_adaptive", "networking"], "name": "heterogeneous_environments", "path": "intelligent_agents/service_oriented_system/heterogeneous_environments", "taxonID": "3_41_71", "level": "3"}, {"keywords": ["pervasive_computing", "ubiquitous_computing", "pervasive", "context_awareness", "ubiquitous", "ubiquitous_computing_environments", "smart_spaces", "pervasive_environments", "context_aware_applications", "context_aware_computing"], "name": "pervasive_computing", "path": "intelligent_agents/service_oriented_system/pervasive_computing", "taxonID": "3_42_72", "level": "3"}, {"keywords": ["semantic_web_services", "web_service_composition", "owl_s", "web_services_composition", "semantic_web_service", "web_service", "service_composition", "composition_of_web_services", "sws", "semantic_web_technologies"], "name": "semantic_web_services", "path": "intelligent_agents/service_oriented_system/semantic_web_services", "taxonID": "3_43_73", "level": "3"}, {"keywords": ["multi_agent_systems", "mas", "multiagent_systems", "multi_agent_system", "agent_systems", "multi_agent_systems_mas", "agent_based_systems", "agent_oriented", "multi_agent_system_mas", "self_organisation"], "name": "multi_agent_systems", "path": "intelligent_agents/service_oriented_system/multi_agent_systems", "taxonID": "3_44_74", "level": "3"}, {"keywords": ["electronic_marketplaces", "marketplace", "marketplaces", "trading", "negotiations", "negotiation", "commerce", "electronic_markets", "electronic_commerce", "e_marketplaces"], "name": "electronic_marketplaces", "path": "intelligent_agents/service_oriented_system/electronic_marketplaces", "taxonID": "3_45_75", "level": "3"}], "taxonID": "2_9_14", "level": "2", "keywords": ["service_oriented_system", "soa", "service_oriented_architecture", "service_composition", "web_service", "middleware", "workflow_management", "services"], "path": "intelligent_agents/service_oriented_system"}, {"name": "human_robot_interaction", "children": [{"keywords": ["virtual_agents", "virtual_humans", "virtual_characters", "virtual_human", "believable", "synthetic_characters", "autonomous_agents", "dialogue", "emotions", "human_robot_interaction_agents"], "name": "virtual_agents", "path": "intelligent_agents/human_robot_interaction/virtual_agents", "taxonID": "3_46_76", "level": "3"}, {"keywords": ["service_robots", "robots", "vision", "intelligent_environments", "robotic", "home_environment", "assistive", "humanoid_robots", "robot", "human_robot_interaction"], "name": "service_robots", "path": "intelligent_agents/human_robot_interaction/service_robots", "taxonID": "3_47_77", "level": "3"}, {"keywords": ["cognition", "cognitive", "cognitive_science", "cognitive_processes", "psychological", "psychology", "conceptualization", "human_cognition", "research_into", "interplay"], "name": "cognition", "path": "intelligent_agents/human_robot_interaction/cognition", "taxonID": "3_48_78", "level": "3"}, {"keywords": ["social_interaction", "virtual_communities", "collaborative_learning", "social_interactions", "social_networking", "online_community", "social", "online_communities", "collaborative_work", "social_relationships"], "name": "social_interaction", "path": "intelligent_agents/human_robot_interaction/social_interaction", "taxonID": "3_49_79", "level": "3"}, {"keywords": ["goal_directed_behavior", "anticipatory", "basal_ganglia", "behaviours", "sensorimotor", "autonomous_agent", "anticipation", "cognitive_agents", "minds", "cognitive_architecture"], "name": "goal_directed_behavior", "path": "intelligent_agents/human_robot_interaction/goal_directed_behavior", "taxonID": "3_50_80", "level": "3"}], "taxonID": "2_10_15", "level": "2", "keywords": ["human_robot_interaction", "affective", "cognition", "human_robot_interaction", "emotions", "humanoids", "cognitive", "social_interaction", "virtual_characters", "robotic"], "path": "intelligent_agents/human_robot_interaction"}], "taxonID": "1_2_2", "level": "1", "keywords": ["intelligent_agents", "software_agents", "agents", "multi_agent_system", "agent_technology", "agent", "autonomous_agents", "multi_agent_systems"], "path": "intelligent_agents"}, {"name": "machine_learning", "children": [{"name": "neural_network", "children": [{"keywords": ["feed_forward_neural_network", "feedforward_neural_networks", "multilayer_perceptron", "mlp", "feed_forward_neural_networks", "radial_basis_function_networks", "hidden_layer", "rbf_neural_networks", "multilayer_perceptrons", "backpropagation"], "name": "feed_forward_neural_network", "path": "machine_learning/neural_network/feed_forward_neural_network", "taxonID": "3_51_81", "level": "3"}, {"keywords": ["self_organizing_map", "som", "kohonen", "learning_vector_quantization", "lvq", "competitive_learning", "artificial_immune_system", "self_organizing_feature_maps", "pattern_classification"], "name": "self_organizing_map", "path": "machine_learning/neural_network/self_organizing_map", "taxonID": "3_52_82", "level": "3"}, {"keywords": ["fuzzy_neural_network", "neuro_fuzzy_network", "takagi_sugeno", "fuzzy_control", "adaptive_control", "neuro", "controller", "sliding_mode", "fuzzy_inference", "fuzzy_controllers"], "name": "fuzzy_neural_network", "path": "machine_learning/neural_network/fuzzy_neural_network", "taxonID": "3_53_83", "level": "3"}, {"keywords": ["forecasting_network", "forecasting_model", "time_series", "svr", "support_vector_regression", "regression_analysis", "bp_neural_network", "short_term_load_forecasting"], "name": "forecasting_network", "path": "machine_learning/neural_network/forecasting_network", "taxonID": "3_54_84", "level": "3"}, {"keywords": ["recurrent_networks", "recurrent_neural_networks", "synapses", "associative_memory", "synaptic", "recurrent_network", "spiking", "neurons"], "name": "recurrent_networks", "path": "machine_learning/neural_network/recurrent_networks", "taxonID": "3_55_85", "level": "3"}], "taxonID": "2_11_16", "level": "2", "keywords": ["neural_network", "artificial_neural_network", "neural_networks", "neuron", "fuzzy_inference_system", "neuro_fuzzy_system"], "path": "machine_learning/neural_network"}, {"name": "bayesian_method", "children": [{"keywords": ["hmm", "hidden_markov_model", "hmm_based", "hidden_markov_models", "hidden_markov_model_hmm", "gmm", "discriminative_training", "continuous_speech_recognition", "acoustic_models", "discriminative"], "name": "hmm", "path": "machine_learning/bayesian_method/hmm", "taxonID": "3_56_86", "level": "3"}, {"keywords": ["bayes_rule", "mutual_information", "belief_functions", "conditional_probability", "information_theory", "pac", "bayes", "posterior", "probability_distribution", "conditional_probabilities"], "name": "bayes_rule", "path": "machine_learning/bayesian_method/bayes_rule", "taxonID": "3_57_87", "level": "3"}, {"keywords": ["graphical_models", "bayesian_method_networks", "belief_propagation", "probabilistic_inference", "causal", "bayesian_network", "graphical_model", "probabilistic_models", "approximate_inference", "learning_bayesian_networks"], "name": "graphical_models", "path": "machine_learning/bayesian_method/graphical_models", "taxonID": "3_58_88", "level": "3"}, {"keywords": ["smoothing", "shrinkage", "additive", "bias", "estimators", "averaging", "finite_sample", "semiparametric", "regularisation", "regression_model"], "name": "smoothing", "path": "machine_learning/bayesian_method/smoothing", "taxonID": "3_59_89", "level": "3"}, {"keywords": ["mixture_model", "mixture", "bernoulli", "mixture_models", "poisson", "multinomial", "exponential", "non_gaussian", "mixture_modeling"], "name": "mixture_model", "path": "machine_learning/bayesian_method/mixture_model", "taxonID": "3_60_90", "level": "3"}], "taxonID": "2_12_17", "level": "2", "keywords": ["bayesian_method", "maximum_likelihood", "bayesian_inference", "maximum_likelihood_estimation", "bayesian_networks", "markov_chain_monte_carlo", "bayesian_framework"], "path": "machine_learning/bayesian_method"}, {"name": "reinforcement_learning", "children": [{"keywords": ["motor_control", "conditioning", "biped_robot", "dynamical_systems", "biologically_plausible", "classical_conditioning", "motor_learning", "adaptive_critic", "inverted_pendulum"], "name": "motor_control", "path": "machine_learning/reinforcement_learning/motor_control", "taxonID": "3_61_91", "level": "3"}, {"keywords": ["evolutionary_algorithms", "evolutionary_computation", "simulated_annealing", "local_search", "optimization_problems", "evolution_strategies", "combinatorial_optimization", "evolutionary", "estimation_of_distribution_algorithm", "evolution_strategy"], "name": "evolutionary_algorithms", "path": "machine_learning/reinforcement_learning/evolutionary_algorithms", "taxonID": "3_62_92", "level": "3"}, {"keywords": ["markov_decision_processes", "stochastic", "stochastic_games", "mdps", "mdp", "markov_chains", "regret", "bandit", "state_spaces", "discrete_time"], "name": "markov_decision_processes", "path": "machine_learning/reinforcement_learning/markov_decision_processes", "taxonID": "3_63_93", "level": "3"}, {"keywords": ["learning_classifier_systems", "xcs", "lcs", "learning_classifier_system", "rule_discovery", "coevolution", "xcsf", "xcs_classifier_system", "inductive_logic_programming", "learning_classifier_systems_lcss"], "name": "learning_classifier_systems", "path": "machine_learning/reinforcement_learning/learning_classifier_systems", "taxonID": "3_64_94", "level": "3"}, {"keywords": ["temporal_difference_learning", "temporal_difference_td", "temporal_difference", "actor_critic", "td", "temporal_difference_learning", "incremental_learning", "policy_gradient", "gradient_based", "function_approximation"], "name": "temporal_difference_learning", "path": "machine_learning/reinforcement_learning/temporal_difference_learning", "taxonID": "3_65_95", "level": "3"}], "taxonID": "2_13_18", "level": "2", "keywords": ["reinforcement_learning", "reinforcement_learning_rl", "markov_decision_processes", "rl", "optimal_control", "reward", "stochastic_games", "reinforcement_learning_algorithms", "value_function", "mdps"], "path": "machine_learning/reinforcement_learning"}, {"name": "ensemble_methods", "children": [{"keywords": ["ant_colony_optimization", "rough_set_theory", "induction", "statistical_methods", "statistical_techniques", "rough_set", "data_mining_algorithms", "inductive"], "name": "ant_colony_optimization", "path": "machine_learning/ensemble_methods/ant_colony_optimization", "taxonID": "3_66_96", "level": "3"}, {"keywords": ["bagging", "base_classifiers", "individual_classifiers", "ensemble_of_classifiers", "ensemble_methods", "combiner", "base_classifier"], "name": "bagging", "path": "machine_learning/ensemble_methods/bagging", "taxonID": "3_67_97", "level": "3"}, {"keywords": ["gene_selection", "microarray_data", "cancer_classification", "cancer", "microarray_gene_expression_data", "gene_expression_data", "gene_expression_profiles", "microarray", "feature_selection_method", "microarray_data_analysis"], "name": "gene_selection", "path": "machine_learning/ensemble_methods/gene_selection", "taxonID": "3_68_98", "level": "3"}, {"keywords": ["imbalanced_data", "imbalanced", "imbalanced_datasets", "class_imbalance", "imbalanced_data_sets", "class_imbalance_problem", "cost_sensitive", "minority_class", "noisy_data", "cost_sensitive_learning"], "name": "imbalanced_data", "path": "machine_learning/ensemble_methods/imbalanced_data", "taxonID": "3_69_99", "level": "3"}, {"keywords": ["random_forest", "random_forest_rf", "decision_tree", "attribute_selection", "feature_sampling"], "name": "random_forest", "path": "machine_learning/ensemble_methods/random_forest", "taxonID": "3_70_100", "level": "3"}], "taxonID": "2_14_19", "level": "2", "keywords": ["ensemble_methods", "bagging", "random_forest", "ensembles", "ensemble_of_classifiers", "multiple_classifiers", "bagging_and_boosting", "base_classifiers", "random_forests"], "path": "machine_learning/ensemble_methods"}, {"name": "kernel_methods", "children": [{"keywords": ["regularized_least_squares", "regularization", "convex_optimization", "regularized", "tikhonov_regularization", "semidefinite_programming", "sparsity", "l_norm", "multiple_kernel_learning", "positive_definite"], "name": "regularized_least_squares", "path": "machine_learning/kernel_methods/regularized_least_squares", "taxonID": "3_71_101", "level": "3"}, {"keywords": ["linear_discriminant_analysis", "discriminant_analysis", "lda", "linear_discriminant_analysis_lda", "discriminant", "principal_component_analysis", "fisher", "discrimination", "speaker_identification", "pattern_recognition"], "name": "linear_discriminant_analysis", "path": "machine_learning/kernel_methods/linear_discriminant_analysis", "taxonID": "3_72_102", "level": "3"}, {"keywords": ["svms", "svm", "multiclass", "support_vector_machines", "support_vector_machines_svms", "multi_class", "adaboost", "svm_classifiers", "boosting", "svm_classifier"], "name": "svms", "path": "machine_learning/kernel_methods/svms", "taxonID": "3_73_103", "level": "3"}, {"keywords": ["semi_supervised_learning", "semi_supervised", "active_learning", "transfer_learning", "unlabeled_data", "domain_adaptation", "transductive", "unlabeled", "labeled_data", "semi_supervised_classification"], "name": "semi_supervised_learning", "path": "machine_learning/kernel_methods/semi_supervised_learning", "taxonID": "3_74_104", "level": "3"}, {"keywords": ["high_dimensional_space", "high_dimensional_data", "high_dimensional", "high_dimensional_spaces", "subspaces", "low_dimensional", "data_points", "dimensionality", "distance_functions", "vector_spaces"], "name": "high_dimensional_space", "path": "machine_learning/kernel_methods/high_dimensional_space", "taxonID": "3_75_105", "level": "3"}], "taxonID": "2_15_20", "level": "2", "keywords": ["kernel_methods", "kernel_discriminant_analysis", "linear_discriminant_analysis", "dimension_reduction", "discriminant_analysis", "lda", "linear_discriminant_analysis_lda", "high_dimensional_data"], "path": "machine_learning/kernel_methods"}], "taxonID": "1_3_3", "level": "1", "keywords": ["machine_learning", "classification_problems", "learning_algorithm", "classifiers", "neural_networks", "function_approximation", "svms", "perceptron", "support_vector_machines", "decision_trees"], "path": "machine_learning"}, {"name": "computer_vision", "children": [{"name": "detecting_and_tracking", "children": [{"keywords": ["face_tracking", "gesture_recognition", "head_tracking", "visual_tracking", "hand_tracking", "particle_filter", "skin_detection", "robust_tracking", "fast_and_robust", "head_motion"], "name": "face_tracking", "path": "computer_vision/detecting_and_tracking/face_tracking", "taxonID": "3_101_131", "level": "3"}, {"keywords": ["motion_capture", "human_body", "deformable", "human_pose", "articulated_objects", "silhouette", "action_recognition", "nonrigid"], "name": "motion_capture", "path": "computer_vision/detecting_and_tracking/motion_capture", "taxonID": "3_102_132", "level": "3"}, {"keywords": ["scene_detection", "scene", "dynamic_scenes", "complex_scenes", "textured", "natural_scenes", "traffic_scenes", "outdoor_scenes", "moving_camera", "still_images"], "name": "scene_detection", "path": "computer_vision/detecting_and_tracking/scene_detection", "taxonID": "3_103_133", "level": "3"}, {"keywords": ["object_segmentation", "active_contours", "contour_detection", "segmentation_and_tracking", "motion_segmentation", "motion_detection", "motion_based_segmentation", "segmenting", "change_detection", "color_segmentation"], "name": "object_segmentation", "path": "computer_vision/detecting_and_tracking/object_segmentation", "taxonID": "3_104_134", "level": "3"}, {"keywords": ["visual_surveillance", "video_surveillance", "surveillance_systems", "detection_and_classification", "surveillance_applications", "human_activity", "scene_understanding", "activity_recognition", "detection_and_tracking", "object_detection_and_tracking"], "name": "visual_surveillance", "path": "computer_vision/detecting_and_tracking/visual_surveillance", "taxonID": "3_105_135", "level": "3"}], "taxonID": "2_21_26", "level": "2", "keywords": ["detecting_and_tracking", "detection_and_tracking", "robust_tracking", "moving_objects", "visual_tracking", "object_tracking", "activity_recognition", "moving_object_detection", "background_subtraction", "surveillance_applications"], "path": "computer_vision/detecting_and_tracking"}, {"name": "stereo_vision", "children": [{"keywords": ["mobile_robot_navigation", "mobile_robot", "localization", "robot_navigation", "obstacle_avoidance", "mobile_robot_localization", "autonomous_navigation", "robot_localization", "sensor_fusion", "autonomous_robot_navigation"], "name": "mobile_robot_navigation", "path": "computer_vision/stereo_vision/mobile_robot_navigation", "taxonID": "3_106_136", "level": "3"}, {"keywords": ["mosaicing", "image_registration", "image_mosaicing", "registration", "image_stitching", "image_alignment", "aligning", "mosaicking", "panoramic", "warping"], "name": "mosaicing", "path": "computer_vision/stereo_vision/mosaicing", "taxonID": "3_107_137", "level": "3"}, {"keywords": ["point_correspondences", "correspondences", "correspondence", "fundamental_matrix", "epipolar_geometry", "correspondences_between", "structure_from_motion", "motion_parameters", "feature_correspondences", "epipolar"], "name": "point_correspondences", "path": "computer_vision/stereo_vision/point_correspondences", "taxonID": "3_108_138", "level": "3"}, {"keywords": ["stereo_camera", "single_camera", "binocular", "stereo", "stereo_vision", "cameras", "camera", "monocular", "monocular_camera", "multiple_cameras"], "name": "stereo_camera", "path": "computer_vision/stereo_vision/stereo_camera", "taxonID": "3_109_139", "level": "3"}, {"keywords": ["geometry", "surfaces", "reconstruction", "surface_reconstruction", "d_objects", "single_view", "photometric_stereo", "shape_from_shading", "photometric", "three_dimensional_shape"], "name": "geometry", "path": "computer_vision/stereo_vision/geometry", "taxonID": "3_110_140", "level": "3"}], "taxonID": "2_22_27", "level": "2", "keywords": ["stereo_vision", "stereo", "mobile_robot", "obstacle_detection", "stereoscopic", "binocular", "d_reconstruction", "mobile_robot_navigation", "stereo_matching", "stereovision"], "path": "computer_vision/stereo_vision"}, {"name": "face_recognition", "children": [{"keywords": ["biometrics", "biometric_systems", "personal_identification", "biometric_recognition", "fingerprint_recognition", "person_identification", "biometric_identification", "biometric_traits", "gait_recognition", "ear"], "name": "biometrics", "path": "computer_vision/face_recognition/biometrics", "taxonID": "3_111_141", "level": "3"}, {"keywords": ["laplacianfaces", "subspace", "projection", "subspace_method", "manifold", "lpp", "manifolds", "eigenfaces", "eigen", "subspace_methods"], "name": "laplacianfaces", "path": "computer_vision/face_recognition/laplacianfaces", "taxonID": "3_112_142", "level": "3"}, {"keywords": ["orl_and_feret", "feret", "face_database", "orl", "yale", "frgc", "recognition_rate", "face_recognition_grand_challenge", "cmu_pie", "feret_database"], "name": "orl_and_feret", "path": "computer_vision/face_recognition/orl_and_feret", "taxonID": "3_113_143", "level": "3"}, {"keywords": ["face_images", "lighting", "illumination", "low_resolution", "pose", "lighting_conditions", "faces", "frontal", "super_resolution", "facial_images"], "name": "face_images", "path": "computer_vision/face_recognition/face_images", "taxonID": "3_114_144", "level": "3"}, {"keywords": ["face_detection", "real_time_face_detection", "human_face_detection", "eye_detection", "face_detector", "facial_expression_recognition", "viola_jones", "face_detection_and_recognition", "active_shape_model", "skin_color_segmentation"], "name": "face_detection", "path": "computer_vision/face_recognition/face_detection", "taxonID": "3_115_145", "level": "3"}], "taxonID": "2_23_28", "level": "2", "keywords": ["face_recognition", "face_recognition_using", "d_face_recognition", "face_recognition_system", "face_identification", "face_images", "facial_expression_recognition", "facial_expression", "robust_face_recognition", "facial_images"], "path": "computer_vision/face_recognition"}, {"name": "image_segmentation", "children": [{"keywords": ["image_retrieval", "content_based_image_retrieval", "cbir", "based_image_retrieval", "content_based_image_retrieval_cbir", "image_classification", "image_databases", "cbir_systems", "image_database", "image_indexing"], "name": "image_retrieval", "path": "computer_vision/image_segmentation/image_retrieval", "taxonID": "3_116_146", "level": "3"}, {"keywords": ["image_segmentation", "color_image_segmentation", "medical_image_segmentation", "segmentation", "video_segmentation", "image_denoising", "texture_segmentation", "image_thresholding", "object_extraction", "unsupervised_image_segmentation"], "name": "image_segmentation", "path": "computer_vision/image_segmentation/image_segmentation", "taxonID": "3_117_147", "level": "3"}, {"keywords": ["human_visual_system", "human_visual", "visual_information", "visual_perception", "human_perception", "human_vision", "human_visual_perception", "psychophysics", "natural_images", "scene_categorization"], "name": "human_visual_system", "path": "computer_vision/image_segmentation/human_visual_system", "taxonID": "3_118_148", "level": "3"}, {"keywords": ["shape_description", "shape_representation", "shape_matching", "shape_recognition", "shapes", "solid_modeling", "deformable_models", "differential_geometry", "shape_similarity", "curve_matching"], "name": "shape_description", "path": "computer_vision/image_segmentation/shape_description", "taxonID": "3_119_149", "level": "3"}, {"keywords": ["image_processing", "graphics", "image_analysis", "digital_image_processing", "digital_signal_processing", "image_processing_applications", "computer_graphics", "video_processing", "digital_imaging", "computer_vision"], "name": "image_processing", "path": "computer_vision/image_segmentation/image_processing", "taxonID": "3_120_150", "level": "3"}], "taxonID": "2_24_29", "level": "2", "keywords": ["image_segmentation", "segmentation", "color_image_segmentation", "edge_detection", "video_segmentation", "image_denoising", "variational", "texture_segmentation", "image_processing", "medical_image_segmentation"], "path": "computer_vision/image_segmentation"}, {"name": "affine_invariant_transform", "children": [{"keywords": ["character_recognition", "handwritten_character_recognition", "handwritten_characters", "binarization", "handwritten_chinese_character_recognition", "handwritten_character", "recognition_system", "handwritten_numerals", "gray_scale_images", "chinese_character_recognition"], "name": "character_recognition", "path": "computer_vision/affine_invariant_transform/character_recognition", "taxonID": "3_121_151", "level": "3"}, {"keywords": ["gabor_filters", "texture", "texture_features", "gradient", "gabor", "gabor_features", "texture_analysis", "textural_features", "gabor_filter", "texture_classification"], "name": "gabor_filters", "path": "computer_vision/affine_invariant_transform/gabor_filters", "taxonID": "3_122_152", "level": "3"}, {"keywords": ["sift_descriptor", "sift", "image_features", "sift_features", "descriptor", "local_descriptors", "scale_invariant_feature_transform_sift", "sift_descriptors", "distinctiveness", "local_image_descriptors"], "name": "sift_descriptor", "path": "computer_vision/affine_invariant_transform/sift_descriptor", "taxonID": "3_123_153", "level": "3"}, {"keywords": ["wavelet_transform", "wavelet", "wavelets", "image_coding", "wavelet_analysis", "based_on_wavelet", "wavelet_transformation", "curvelet_transform", "wavelet_packet_transform", "contrast_enhancement"], "name": "wavelet_transform", "path": "computer_vision/affine_invariant_transform/wavelet_transform", "taxonID": "3_124_154", "level": "3"}, {"keywords": ["fingerprint_matching", "fingerprint", "fingerprint_images", "fingerprint_image", "iris", "fingerprint_verification", "fingerprint_identification", "minutia", "palmprint"], "name": "fingerprint_matching", "path": "computer_vision/affine_invariant_transform/fingerprint_matching", "taxonID": "3_125_155", "level": "3"}], "taxonID": "2_25_30", "level": "2", "keywords": ["affine_invariant_transform", "wavelet_transform", "fingerprint_matching", "texture_classification", "ridgelet", "rotation_invariant", "affine_invariant", "moment_invariants", "gabor"], "path": "computer_vision/affine_invariant_transform"}], "taxonID": "1_5_5", "level": "1", "keywords": ["computer_vision", "pose_estimation", "object_detection", "stereo_vision", "stereo", "image_matching", "face_recognition", "shape_matching"], "path": "computer_vision"}, {"name": "information_retrieval", "children": [{"name": "retrieval_effectiveness", "children": [{"keywords": ["graded_relevance", "ndcg", "graded", "judgments", "rank_order", "evaluation_measures", "mrr", "mean_reciprocal_rank"], "name": "graded_relevance", "path": "information_retrieval/retrieval_effectiveness/graded_relevance", "taxonID": "3_76_106", "level": "3"}, {"keywords": ["trec", "clef", "trecvid", "trec_microblog_track", "trec_web_track", "empirical_evaluation", "test_collection", "at_clef"], "name": "trec", "path": "information_retrieval/retrieval_effectiveness/trec", "taxonID": "3_77_107", "level": "3"}, {"keywords": ["retrieval_system", "queries", "query_expansion", "information_retrieval_system", "relevance_feedback", "document_retrieval", "information_retrieval_systems", "ir", "pseudo_relevance_feedback"], "name": "retrieval_system", "path": "information_retrieval/retrieval_effectiveness/retrieval_system", "taxonID": "3_78_108", "level": "3"}, {"keywords": ["vector_space_model", "tf_idf", "vector_space", "term_weighting", "tf", "bm25", "term_frequency", "vsm", "similarity_metrics", "idf"], "name": "vector_space_model", "path": "information_retrieval/retrieval_effectiveness/vector_space_model", "taxonID": "3_79_109", "level": "3"}, {"keywords": ["distributional_similarity", "similarity_measures", "relatedness", "jaccard", "polarity", "semantic_relatedness", "centrality", "resemblance"], "name": "distributional_similarity", "path": "information_retrieval/retrieval_effectiveness/distributional_similarity", "taxonID": "3_80_110", "level": "3"}], "taxonID": "2_16_21", "level": "2", "keywords": ["retrieval_effectiveness", "query_expansion", "pseudo_relevance_feedback", "trec", "relevance", "retrieval_accuracy", "relevance_feedback", "ir_systems", "document_retrieval", "average_precision"], "path": "information_retrieval/retrieval_effectiveness"}, {"name": "semantic_web", "children": [{"keywords": ["digital_libraries", "digital_library", "cultural_heritage", "archives", "portals", "metadata", "repositories", "learning_objects", "world_wide_web", "digital_collections"], "name": "digital_libraries", "path": "information_retrieval/semantic_web/digital_libraries", "taxonID": "3_81_111", "level": "3"}, {"keywords": ["semi_structured_data", "structured_data", "databases", "multidimensional_data", "semi_structured", "graph_structured_data", "multidimensional_databases", "structured_documents", "biological_data", "semistructured"], "name": "semi_structured_data", "path": "information_retrieval/semantic_web/semi_structured_data", "taxonID": "3_82_112", "level": "3"}, {"keywords": ["ontologies", "ontology", "domain_ontologies", "ontological", "description_logics", "taxonomies", "description_logic", "knowledge_bases", "owl", "ontology_engineering"], "name": "ontologies", "path": "information_retrieval/semantic_web/ontologies", "taxonID": "3_83_113", "level": "3"}, {"keywords": ["xml_data", "xml_documents", "xml", "xquery", "relational_database", "xml_databases", "relational_databases", "xml_database", "semistructured_data", "xml_query"], "name": "xml_data", "path": "information_retrieval/semantic_web/xml_data", "taxonID": "3_84_114", "level": "3"}, {"keywords": ["semantic_annotation", "annotation", "automatic_annotation", "semi_automatic", "image_annotation", "annotation_and_retrieval", "semi_automated", "annotating", "video_annotation", "semantic_annotations"], "name": "semantic_annotation", "path": "information_retrieval/semantic_web/semantic_annotation", "taxonID": "3_85_115", "level": "3"}], "taxonID": "2_17_22", "level": "2", "keywords": ["semantic_web", "rdf", "ontologies", "owl", "schemas", "metadata", "schema", "semantics", "xml"], "path": "information_retrieval/semantic_web"}, {"name": "natural_language", "children": [{"keywords": ["grammar", "grammatical", "syntactic", "parser", "parse", "discourse", "meaning", "syntactic_and_semantic", "syntactic_structure"], "name": "grammar", "path": "information_retrieval/natural_language/grammar", "taxonID": "3_86_116", "level": "3"}, {"keywords": ["foreign_language", "arabic", "arabic_language", "arabic_text", "thai", "korean", "vietnamese"], "name": "foreign_language", "path": "information_retrieval/natural_language/foreign_language", "taxonID": "3_87_117", "level": "3"}, {"keywords": ["information_extraction", "question_answering", "ie", "information_extraction_ie", "natural_language_processing", "question_answering_systems", "relation_extraction", "text_processing", "named_entity_recognition"], "name": "information_extraction", "path": "information_retrieval/natural_language/information_extraction", "taxonID": "3_88_118", "level": "3"}, {"keywords": ["wordnet", "thesaurus", "enrichment", "semantic_relations", "umls", "dictionary", "extractor", "synonyms", "hownet", "lexical"], "name": "wordnet", "path": "information_retrieval/natural_language/wordnet", "taxonID": "3_89_119", "level": "3"}, {"keywords": ["bilingual", "multilingual", "comparable_corpora", "parallel_corpora", "cross_language", "word_alignment", "english_chinese", "parallel_corpus", "chinese_english", "cross_language_information_retrieval"], "name": "bilingual", "path": "information_retrieval/natural_language/bilingual", "taxonID": "3_90_120", "level": "3"}], "taxonID": "2_18_23", "level": "2", "keywords": ["natural_language", "machine_translation", "lexical", "statistical_machine_translation", "word_sense_disambiguation", "bilingual", "word_alignment", "lexicon", "linguistic", "syntactic"], "path": "information_retrieval/natural_language"}, {"name": "web_search", "children": [{"keywords": ["user_interaction", "browsing_behavior", "user_behavior", "user_intent", "click_log", "web_usage", "web_usage_mining", "implicit_feedback", "information_seeking"], "name": "user_interaction", "path": "information_retrieval/web_search/user_interaction", "taxonID": "3_91_121", "level": "3"}, {"keywords": ["web_content", "web_pages", "web_sites", "web_documents", "news", "webpages"], "name": "web_content", "path": "information_retrieval/web_search/web_content", "taxonID": "3_92_122", "level": "3"}, {"keywords": ["social_media", "social_tagging", "social_web", "folksonomy", "social_networks", "social_tagging_systems", "collaborative_tagging", "social_bookmarking"], "name": "social_media", "path": "information_retrieval/web_search/social_media", "taxonID": "3_93_123", "level": "3"}, {"keywords": ["link_analysis", "pagerank", "pagerank_algorithm", "subgraph", "hits", "link_structure", "link_based_ranking", "ranking_algorithms"], "name": "link_analysis", "path": "information_retrieval/web_search/link_analysis", "taxonID": "3_94_124", "level": "3"}, {"keywords": ["search_engine", "web_search_engine", "search_results", "google", "baidu", "bing", "yandex", "query_results"], "name": "search_engine", "path": "information_retrieval/web_search/search_engine", "taxonID": "3_95_125", "level": "3"}], "taxonID": "2_19_24", "level": "2", "keywords": ["web_search", "web_search_results", "search_result", "ads", "search_engines", "web_pages", "click", "search_engine", "web_search_engines"], "path": "information_retrieval/web_search"}, {"name": "text_mining", "children": [{"keywords": ["bio_text_mining", "proteomics", "bioinformatics", "genome", "protein", "genomics", "life_sciences", "genome_scale", "molecular_biology", "homology_search"], "name": "bio_text_mining", "path": "information_retrieval/text_mining/bio_text_mining", "taxonID": "3_96_126", "level": "3"}, {"keywords": ["association_rules", "association_rule_mining", "sequential_patterns", "frequent_itemsets", "itemsets", "frequent_patterns", "mining_association_rules", "association_mining", "sequential_pattern_mining", "functional_dependencies"], "name": "association_rules", "path": "information_retrieval/text_mining/association_rules", "taxonID": "3_97_127", "level": "3"}, {"keywords": ["document_classification", "document_categorization", "text_categorization", "text_classification", "automatic_classification", "text_clustering", "document_clustering", "document_summarization", "web_page_classification"], "name": "document_classification", "path": "information_retrieval/text_mining/document_classification", "taxonID": "3_98_128", "level": "3"}, {"keywords": ["community_structure", "small_world", "graph_clustering", "community_discovery", "biological_networks", "social_network_analysis", "large_graphs", "co_clustering", "cohesive", "network_motifs"], "name": "community_structure", "path": "information_retrieval/text_mining/community_structure", "taxonID": "3_99_129", "level": "3"}, {"keywords": ["scientific_literature", "scientific_articles", "citations", "title", "cited", "scholar_data", "journal_articles", "bibliographic", "research_papers"], "name": "scientific_literature", "path": "information_retrieval/text_mining/scientific_literature", "taxonID": "3_100_130", "level": "3"}], "taxonID": "2_20_25", "level": "2", "keywords": ["text_mining", "knowledge_discovery", "mining", "bioinformatics", "miner", "association_rule_mining", "frequent_itemsets", "biomedical", "social_network_analysis", "mine"], "path": "information_retrieval/text_mining"}], "taxonID": "1_4_4", "level": "1", "keywords": ["information_retrieval", "information_retrieval_ir", "document_retrieval", "information_retrieval_systems", "query_expansion", "information_retrieval_system", "text_retrieval", "question_answering", "web_search", "search_engines"], "path": "information_retrieval"}], "taxonID": "0-0-0", "level": 0, "keywords": ["computer_science"], "path": "root"}